district,date,month,year,visitors,Type
Adilabad,01-01-2016,January,2016,792136,Domestic
Adilabad,01-02-2016,February,2016,937820,Domestic
Adilabad,01-03-2016,March,2016,582946,Domestic
Adilabad,01-04-2016,April,2016,341948,Domestic
Adilabad,01-05-2016,May,2016,252887,Domestic
Adilabad,01-06-2016,June,2016,368237,Domestic
Adilabad,01-07-2016,July,2016,447562,Domestic
Adilabad,01-08-2016,August,2016,614285,Domestic
Adilabad,01-09-2016,September,2016,491279,Domestic
Adilabad,01-10-2016,October,2016,94184,Domestic
Adilabad,01-11-2016,November,2016,99148,Domestic
Adilabad,01-12-2016,December,2016,53125,Domestic
Bhadradri Kothagudem ,01-01-2016,January,2016, ,Domestic
Bhadradri Kothagudem ,01-02-2016,February,2016, ,Domestic
Bhadradri Kothagudem ,01-03-2016,March,2016, ,Domestic
Bhadradri Kothagudem ,01-04-2016,April,2016, ,Domestic
Bhadradri Kothagudem ,01-05-2016,May,2016, ,Domestic
Bhadradri Kothagudem ,01-06-2016,June,2016, ,Domestic
Bhadradri Kothagudem ,01-07-2016,July,2016, ,Domestic
Bhadradri Kothagudem ,01-08-2016,August,2016, ,Domestic
Bhadradri Kothagudem ,01-09-2016,September,2016, ,Domestic
Bhadradri Kothagudem ,01-10-2016,October,2016,310133,Domestic
Bhadradri Kothagudem ,01-11-2016,November,2016,252127,Domestic
Bhadradri Kothagudem ,01-12-2016,December,2016,326770,Domestic
Hyderabad,01-01-2016,January,2016,1122510,Domestic
Hyderabad,01-02-2016,February,2016,778748,Domestic
Hyderabad,01-03-2016,March,2016,1017794,Domestic
Hyderabad,01-04-2016,April,2016,1127738,Domestic
Hyderabad,01-05-2016,May,2016,1287181,Domestic
Hyderabad,01-06-2016,June,2016,12032661,Domestic
Hyderabad,01-07-2016,July,2016,1096754,Domestic
Hyderabad,01-08-2016,August,2016,1061137,Domestic
Hyderabad,01-09-2016,September,2016,832987,Domestic
Hyderabad,01-10-2016,October,2016,901960,Domestic
Hyderabad,01-11-2016,November,2016,909733,Domestic
Hyderabad,01-12-2016,December,2016,1225502,Domestic
Jagtial ,01-01-2016,January,2016, ,Domestic
Jagtial ,01-02-2016,February,2016, ,Domestic
Jagtial ,01-03-2016,March,2016, ,Domestic
Jagtial ,01-04-2016,April,2016, ,Domestic
Jagtial ,01-05-2016,May,2016, ,Domestic
Jagtial ,01-06-2016,June,2016, ,Domestic
Jagtial ,01-07-2016,July,2016, ,Domestic
Jagtial ,01-08-2016,August,2016, ,Domestic
Jagtial ,01-09-2016,September,2016, ,Domestic
Jagtial ,01-10-2016,October,2016,201249,Domestic
Jagtial ,01-11-2016,November,2016,214534,Domestic
Jagtial ,01-12-2016,December,2016,207294,Domestic
Jangaon ,01-01-2016,January,2016, ,Domestic
Jangaon ,01-02-2016,February,2016, ,Domestic
Jangaon ,01-03-2016,March,2016, ,Domestic
Jangaon ,01-04-2016,April,2016, ,Domestic
Jangaon ,01-05-2016,May,2016, ,Domestic
Jangaon ,01-06-2016,June,2016, ,Domestic
Jangaon ,01-07-2016,July,2016, ,Domestic
Jangaon ,01-08-2016,August,2016, ,Domestic
Jangaon ,01-09-2016,September,2016, ,Domestic
Jangaon ,01-10-2016,October,2016,14770,Domestic
Jangaon ,01-11-2016,November,2016,13210,Domestic
Jangaon ,01-12-2016,December,2016,12680,Domestic
Jayashankar Bhoopalpally,01-01-2016,January,2016, ,Domestic
Jayashankar Bhoopalpally,01-02-2016,February,2016, ,Domestic
Jayashankar Bhoopalpally,01-03-2016,March,2016, ,Domestic
Jayashankar Bhoopalpally,01-04-2016,April,2016, ,Domestic
Jayashankar Bhoopalpally,01-05-2016,May,2016, ,Domestic
Jayashankar Bhoopalpally,01-06-2016,June,2016, ,Domestic
Jayashankar Bhoopalpally,01-07-2016,July,2016, ,Domestic
Jayashankar Bhoopalpally,01-08-2016,August,2016, ,Domestic
Jayashankar Bhoopalpally,01-09-2016,September,2016, ,Domestic
Jayashankar Bhoopalpally,01-10-2016,October,2016,76360,Domestic
Jayashankar Bhoopalpally,01-11-2016,November,2016,81580,Domestic
Jayashankar Bhoopalpally,01-12-2016,December,2016,85460,Domestic
Jogulamba Gadwal ,01-01-2016,January,2016, ,Domestic
Jogulamba Gadwal ,01-02-2016,February,2016, ,Domestic
Jogulamba Gadwal ,01-03-2016,March,2016, ,Domestic
Jogulamba Gadwal ,01-04-2016,April,2016, ,Domestic
Jogulamba Gadwal ,01-05-2016,May,2016, ,Domestic
Jogulamba Gadwal ,01-06-2016,June,2016, ,Domestic
Jogulamba Gadwal ,01-07-2016,July,2016, ,Domestic
Jogulamba Gadwal ,01-08-2016,August,2016, ,Domestic
Jogulamba Gadwal ,01-09-2016,September,2016, ,Domestic
Jogulamba Gadwal ,01-10-2016,October,2016,152898,Domestic
Jogulamba Gadwal ,01-11-2016,November,2016,188170,Domestic
Jogulamba Gadwal ,01-12-2016,December,2016,182333,Domestic
Kamareddy ,01-01-2016,January,2016, ,Domestic
Kamareddy ,01-02-2016,February,2016, ,Domestic
Kamareddy ,01-03-2016,March,2016, ,Domestic
Kamareddy ,01-04-2016,April,2016, ,Domestic
Kamareddy ,01-05-2016,May,2016, ,Domestic
Kamareddy ,01-06-2016,June,2016, ,Domestic
Kamareddy ,01-07-2016,July,2016, ,Domestic
Kamareddy ,01-08-2016,August,2016, ,Domestic
Kamareddy ,01-09-2016,September,2016, ,Domestic
Kamareddy ,01-10-2016,October,2016,47,Domestic
Kamareddy ,01-11-2016,November,2016,38,Domestic
Kamareddy ,01-12-2016,December,2016,42,Domestic
Karimnagar ,01-01-2016,January,2016,1984442,Domestic
Karimnagar ,01-02-2016,February,2016,779960,Domestic
Karimnagar ,01-03-2016,March,2016,1018399,Domestic
Karimnagar ,01-04-2016,April,2016,956959,Domestic
Karimnagar ,01-05-2016,May,2016,1095642,Domestic
Karimnagar ,01-06-2016,June,2016,914746,Domestic
Karimnagar ,01-07-2016,July,2016,401047,Domestic
Karimnagar ,01-08-2016,August,2016,1018399,Domestic
Karimnagar ,01-09-2016,September,2016,956959,Domestic
Karimnagar ,01-10-2016,October,2016,13675,Domestic
Karimnagar ,01-11-2016,November,2016,13350,Domestic
Karimnagar ,01-12-2016,December,2016,13890,Domestic
Khammam,01-01-2016,January,2016,651827,Domestic
Khammam,01-02-2016,February,2016,407533,Domestic
Khammam,01-03-2016,March,2016,458527,Domestic
Khammam,01-04-2016,April,2016,971622,Domestic
Khammam,01-05-2016,May,2016,433994,Domestic
Khammam,01-06-2016,June,2016,445862,Domestic
Khammam,01-07-2016,July,2016,414963,Domestic
Khammam,01-08-2016,August,2016,503654,Domestic
Khammam,01-09-2016,September,2016,368437,Domestic
Khammam,01-10-2016,October,2016,121575,Domestic
Khammam,01-11-2016,November,2016,110634,Domestic
Khammam,01-12-2016,December,2016,116403,Domestic
Komaram Bheem Asifabad,01-01-2016,January,2016, ,Domestic
Komaram Bheem Asifabad,01-02-2016,February,2016, ,Domestic
Komaram Bheem Asifabad,01-03-2016,March,2016, ,Domestic
Komaram Bheem Asifabad,01-04-2016,April,2016, ,Domestic
Komaram Bheem Asifabad,01-05-2016,May,2016, ,Domestic
Komaram Bheem Asifabad,01-06-2016,June,2016, ,Domestic
Komaram Bheem Asifabad,01-07-2016,July,2016, ,Domestic
Komaram Bheem Asifabad,01-08-2016,August,2016, ,Domestic
Komaram Bheem Asifabad,01-09-2016,September,2016, ,Domestic
Komaram Bheem Asifabad,01-10-2016,October,2016,0,Domestic
Komaram Bheem Asifabad,01-11-2016,November,2016,0,Domestic
Komaram Bheem Asifabad,01-12-2016,December,2016,0,Domestic
Mahabubabad ,01-01-2016,January,2016, ,Domestic
Mahabubabad ,01-02-2016,February,2016, ,Domestic
Mahabubabad ,01-03-2016,March,2016, ,Domestic
Mahabubabad ,01-04-2016,April,2016, ,Domestic
Mahabubabad ,01-05-2016,May,2016, ,Domestic
Mahabubabad ,01-06-2016,June,2016, ,Domestic
Mahabubabad ,01-07-2016,July,2016, ,Domestic
Mahabubabad ,01-08-2016,August,2016, ,Domestic
Mahabubabad ,01-09-2016,September,2016, ,Domestic
Mahabubabad ,01-10-2016,October,2016,13032,Domestic
Mahabubabad ,01-11-2016,November,2016,114015,Domestic
Mahabubabad ,01-12-2016,December,2016,12955,Domestic
Mahbubnagar,01-01-2016,January,2016,577071,Domestic
Mahbubnagar,01-02-2016,February,2016,1312068,Domestic
Mahbubnagar,01-03-2016,March,2016,1731983,Domestic
Mahbubnagar,01-04-2016,April,2016,622432,Domestic
Mahbubnagar,01-05-2016,May,2016,571898,Domestic
Mahbubnagar,01-06-2016,June,2016,561006,Domestic
Mahbubnagar,01-07-2016,July,2016,562322,Domestic
Mahbubnagar,01-08-2016,August,2016,1133105,Domestic
Mahbubnagar,01-09-2016,September,2016,567712,Domestic
Mahbubnagar,01-10-2016,October,2016,198592,Domestic
Mahbubnagar,01-11-2016,November,2016,256375,Domestic
Mahbubnagar,01-12-2016,December,2016,210202,Domestic
Mancherial,01-01-2016,January,2016, ,Domestic
Mancherial,01-02-2016,February,2016, ,Domestic
Mancherial,01-03-2016,March,2016, ,Domestic
Mancherial,01-04-2016,April,2016, ,Domestic
Mancherial,01-05-2016,May,2016, ,Domestic
Mancherial,01-06-2016,June,2016, ,Domestic
Mancherial,01-07-2016,July,2016, ,Domestic
Mancherial,01-08-2016,August,2016, ,Domestic
Mancherial,01-09-2016,September,2016, ,Domestic
Mancherial,01-10-2016,October,2016,3124,Domestic
Mancherial,01-11-2016,November,2016,2255,Domestic
Mancherial,01-12-2016,December,2016,2423,Domestic
Medak ,01-01-2016,January,2016,92600,Domestic
Medak ,01-02-2016,February,2016,215000,Domestic
Medak ,01-03-2016,March,2016,1318000,Domestic
Medak ,01-04-2016,April,2016,300000,Domestic
Medak ,01-05-2016,May,2016,198000,Domestic
Medak ,01-06-2016,June,2016,166700,Domestic
Medak ,01-07-2016,July,2016,153300,Domestic
Medak ,01-08-2016,August,2016,216100,Domestic
Medak ,01-09-2016,September,2016,132600,Domestic
Medak ,01-10-2016,October,2016,15600,Domestic
Medak ,01-11-2016,November,2016,132300,Domestic
Medak ,01-12-2016,December,2016,523000,Domestic
Medchal ,01-01-2016,January,2016, ,Domestic
Medchal ,01-02-2016,February,2016, ,Domestic
Medchal ,01-03-2016,March,2016, ,Domestic
Medchal ,01-04-2016,April,2016, ,Domestic
Medchal ,01-05-2016,May,2016, ,Domestic
Medchal ,01-06-2016,June,2016, ,Domestic
Medchal ,01-07-2016,July,2016, ,Domestic
Medchal ,01-08-2016,August,2016, ,Domestic
Medchal ,01-09-2016,September,2016, ,Domestic
Medchal ,01-10-2016,October,2016, ,Domestic
Medchal ,01-11-2016,November,2016, ,Domestic
Medchal ,01-12-2016,December,2016, ,Domestic
Nagarkurnool ,01-01-2016,January,2016, ,Domestic
Nagarkurnool ,01-02-2016,February,2016, ,Domestic
Nagarkurnool ,01-03-2016,March,2016, ,Domestic
Nagarkurnool ,01-04-2016,April,2016, ,Domestic
Nagarkurnool ,01-05-2016,May,2016, ,Domestic
Nagarkurnool ,01-06-2016,June,2016, ,Domestic
Nagarkurnool ,01-07-2016,July,2016, ,Domestic
Nagarkurnool ,01-08-2016,August,2016, ,Domestic
Nagarkurnool ,01-09-2016,September,2016, ,Domestic
Nagarkurnool ,01-10-2016,October,2016,201050,Domestic
Nagarkurnool ,01-11-2016,November,2016,188786,Domestic
Nagarkurnool ,01-12-2016,December,2016,198637,Domestic
Nalgonda,01-01-2016,January,2016,566515,Domestic
Nalgonda,01-02-2016,February,2016,539467,Domestic
Nalgonda,01-03-2016,March,2016,619462,Domestic
Nalgonda,01-04-2016,April,2016,601253,Domestic
Nalgonda,01-05-2016,May,2016,628872,Domestic
Nalgonda,01-06-2016,June,2016,551239,Domestic
Nalgonda,01-07-2016,July,2016,582820,Domestic
Nalgonda,01-08-2016,August,2016,988102,Domestic
Nalgonda,01-09-2016,September,2016,742402,Domestic
Nalgonda,01-10-2016,October,2016,3508,Domestic
Nalgonda,01-11-2016,November,2016,21046,Domestic
Nalgonda,01-12-2016,December,2016,13775,Domestic
Nirmal,01-01-2016,January,2016, ,Domestic
Nirmal,01-02-2016,February,2016, ,Domestic
Nirmal,01-03-2016,March,2016, ,Domestic
Nirmal,01-04-2016,April,2016, ,Domestic
Nirmal,01-05-2016,May,2016, ,Domestic
Nirmal,01-06-2016,June,2016, ,Domestic
Nirmal,01-07-2016,July,2016, ,Domestic
Nirmal,01-08-2016,August,2016, ,Domestic
Nirmal,01-09-2016,September,2016, ,Domestic
Nirmal,01-10-2016,October,2016,475955,Domestic
Nirmal,01-11-2016,November,2016,201388,Domestic
Nirmal,01-12-2016,December,2016,239267,Domestic
Nizamabad,01-01-2016,January,2016,576,Domestic
Nizamabad,01-02-2016,February,2016,869,Domestic
Nizamabad,01-03-2016,March,2016,408,Domestic
Nizamabad,01-04-2016,April,2016,476,Domestic
Nizamabad,01-05-2016,May,2016,554,Domestic
Nizamabad,01-06-2016,June,2016,367,Domestic
Nizamabad,01-07-2016,July,2016,644,Domestic
Nizamabad,01-08-2016,August,2016,589,Domestic
Nizamabad,01-09-2016,September,2016,553,Domestic
Nizamabad,01-10-2016,October,2016,434,Domestic
Nizamabad,01-11-2016,November,2016,617,Domestic
Nizamabad,01-12-2016,December,2016,355,Domestic
Peddapalli,01-01-2016,January,2016, ,Domestic
Peddapalli,01-02-2016,February,2016, ,Domestic
Peddapalli,01-03-2016,March,2016, ,Domestic
Peddapalli,01-04-2016,April,2016, ,Domestic
Peddapalli,01-05-2016,May,2016, ,Domestic
Peddapalli,01-06-2016,June,2016, ,Domestic
Peddapalli,01-07-2016,July,2016, ,Domestic
Peddapalli,01-08-2016,August,2016, ,Domestic
Peddapalli,01-09-2016,September,2016, ,Domestic
Peddapalli,01-10-2016,October,2016,950,Domestic
Peddapalli,01-11-2016,November,2016,1145,Domestic
Peddapalli,01-12-2016,December,2016,1149,Domestic
Rajanna Sircilla ,01-01-2016,January,2016, ,Domestic
Rajanna Sircilla ,01-02-2016,February,2016, ,Domestic
Rajanna Sircilla ,01-03-2016,March,2016, ,Domestic
Rajanna Sircilla ,01-04-2016,April,2016, ,Domestic
Rajanna Sircilla ,01-05-2016,May,2016, ,Domestic
Rajanna Sircilla ,01-06-2016,June,2016, ,Domestic
Rajanna Sircilla ,01-07-2016,July,2016, ,Domestic
Rajanna Sircilla ,01-08-2016,August,2016, ,Domestic
Rajanna Sircilla ,01-09-2016,September,2016, ,Domestic
Rajanna Sircilla ,01-10-2016,October,2016,534484,Domestic
Rajanna Sircilla ,01-11-2016,November,2016,864077,Domestic
Rajanna Sircilla ,01-12-2016,December,2016,778240,Domestic
Ranga Reddy,01-01-2016,January,2016, ,Domestic
Ranga Reddy,01-02-2016,February,2016, ,Domestic
Ranga Reddy,01-03-2016,March,2016, ,Domestic
Ranga Reddy,01-04-2016,April,2016, ,Domestic
Ranga Reddy,01-05-2016,May,2016, ,Domestic
Ranga Reddy,01-06-2016,June,2016, ,Domestic
Ranga Reddy,01-07-2016,July,2016, ,Domestic
Ranga Reddy,01-08-2016,August,2016, ,Domestic
Ranga Reddy,01-09-2016,September,2016, ,Domestic
Ranga Reddy,01-10-2016,October,2016, ,Domestic
Ranga Reddy,01-11-2016,November,2016, ,Domestic
Ranga Reddy,01-12-2016,December,2016, ,Domestic
Sangareddy ,01-01-2016,January,2016, ,Domestic
Sangareddy ,01-02-2016,February,2016, ,Domestic
Sangareddy ,01-03-2016,March,2016, ,Domestic
Sangareddy ,01-04-2016,April,2016, ,Domestic
Sangareddy ,01-05-2016,May,2016, ,Domestic
Sangareddy ,01-06-2016,June,2016, ,Domestic
Sangareddy ,01-07-2016,July,2016, ,Domestic
Sangareddy ,01-08-2016,August,2016, ,Domestic
Sangareddy ,01-09-2016,September,2016, ,Domestic
Sangareddy ,01-10-2016,October,2016,274000,Domestic
Sangareddy ,01-11-2016,November,2016,349000,Domestic
Sangareddy ,01-12-2016,December,2016,155000,Domestic
Siddipet,01-01-2016,January,2016, ,Domestic
Siddipet,01-02-2016,February,2016, ,Domestic
Siddipet,01-03-2016,March,2016, ,Domestic
Siddipet,01-04-2016,April,2016, ,Domestic
Siddipet,01-05-2016,May,2016, ,Domestic
Siddipet,01-06-2016,June,2016, ,Domestic
Siddipet,01-07-2016,July,2016, ,Domestic
Siddipet,01-08-2016,August,2016, ,Domestic
Siddipet,01-09-2016,September,2016, ,Domestic
Siddipet,01-10-2016,October,2016,123500,Domestic
Siddipet,01-11-2016,November,2016,154400,Domestic
Siddipet,01-12-2016,December,2016,80500,Domestic
Suryapet,01-01-2016,January,2016, ,Domestic
Suryapet,01-02-2016,February,2016, ,Domestic
Suryapet,01-03-2016,March,2016, ,Domestic
Suryapet,01-04-2016,April,2016, ,Domestic
Suryapet,01-05-2016,May,2016, ,Domestic
Suryapet,01-06-2016,June,2016, ,Domestic
Suryapet,01-07-2016,July,2016, ,Domestic
Suryapet,01-08-2016,August,2016, ,Domestic
Suryapet,01-09-2016,September,2016, ,Domestic
Suryapet,01-10-2016,October,2016,0,Domestic
Suryapet,01-11-2016,November,2016,0,Domestic
Suryapet,01-12-2016,December,2016,0,Domestic
Vikarabad,01-01-2016,January,2016, ,Domestic
Vikarabad,01-02-2016,February,2016, ,Domestic
Vikarabad,01-03-2016,March,2016, ,Domestic
Vikarabad,01-04-2016,April,2016, ,Domestic
Vikarabad,01-05-2016,May,2016, ,Domestic
Vikarabad,01-06-2016,June,2016, ,Domestic
Vikarabad,01-07-2016,July,2016, ,Domestic
Vikarabad,01-08-2016,August,2016, ,Domestic
Vikarabad,01-09-2016,September,2016, ,Domestic
Vikarabad,01-10-2016,October,2016, ,Domestic
Vikarabad,01-11-2016,November,2016, ,Domestic
Vikarabad,01-12-2016,December,2016, ,Domestic
Wanaparthy ,01-01-2016,January,2016, ,Domestic
Wanaparthy ,01-02-2016,February,2016, ,Domestic
Wanaparthy ,01-03-2016,March,2016, ,Domestic
Wanaparthy ,01-04-2016,April,2016, ,Domestic
Wanaparthy ,01-05-2016,May,2016, ,Domestic
Wanaparthy ,01-06-2016,June,2016, ,Domestic
Wanaparthy ,01-07-2016,July,2016, ,Domestic
Wanaparthy ,01-08-2016,August,2016, ,Domestic
Wanaparthy ,01-09-2016,September,2016, ,Domestic
Wanaparthy ,01-10-2016,October,2016,21234,Domestic
Wanaparthy ,01-11-2016,November,2016,18348,Domestic
Wanaparthy ,01-12-2016,December,2016,20556,Domestic
Warangal (Rural),01-01-2016,January,2016, ,Domestic
Warangal (Rural),01-02-2016,February,2016, ,Domestic
Warangal (Rural),01-03-2016,March,2016, ,Domestic
Warangal (Rural),01-04-2016,April,2016, ,Domestic
Warangal (Rural),01-05-2016,May,2016, ,Domestic
Warangal (Rural),01-06-2016,June,2016, ,Domestic
Warangal (Rural),01-07-2016,July,2016, ,Domestic
Warangal (Rural),01-08-2016,August,2016, ,Domestic
Warangal (Rural),01-09-2016,September,2016, ,Domestic
Warangal (Rural),01-10-2016,October,2016,8200,Domestic
Warangal (Rural),01-11-2016,November,2016,6050,Domestic
Warangal (Rural),01-12-2016,December,2016,5150,Domestic
Warangal (Urban),01-01-2016,January,2016,1985815,Domestic
Warangal (Urban),01-02-2016,February,2016,20703778,Domestic
Warangal (Urban),01-03-2016,March,2016,568397,Domestic
Warangal (Urban),01-04-2016,April,2016,317643,Domestic
Warangal (Urban),01-05-2016,May,2016,373788,Domestic
Warangal (Urban),01-06-2016,June,2016,365332,Domestic
Warangal (Urban),01-07-2016,July,2016,340320,Domestic
Warangal (Urban),01-08-2016,August,2016,368755,Domestic
Warangal (Urban),01-09-2016,September,2016,379210,Domestic
Warangal (Urban),01-10-2016,October,2016,128247,Domestic
Warangal (Urban),01-11-2016,November,2016,129250,Domestic
Warangal (Urban),01-12-2016,December,2016,127500,Domestic
Yadadri Bhongir,01-01-2016,January,2016, ,Domestic
Yadadri Bhongir,01-02-2016,February,2016, ,Domestic
Yadadri Bhongir,01-03-2016,March,2016, ,Domestic
Yadadri Bhongir,01-04-2016,April,2016, ,Domestic
Yadadri Bhongir,01-05-2016,May,2016, ,Domestic
Yadadri Bhongir,01-06-2016,June,2016, ,Domestic
Yadadri Bhongir,01-07-2016,July,2016, ,Domestic
Yadadri Bhongir,01-08-2016,August,2016, ,Domestic
Yadadri Bhongir,01-09-2016,September,2016, ,Domestic
Yadadri Bhongir,01-10-2016,October,2016,584800,Domestic
Yadadri Bhongir,01-11-2016,November,2016,681000,Domestic
Yadadri Bhongir,01-12-2016,December,2016,462800,Domestic
Adilabad,01-01-2017,January,2017,318799,Domestic
Adilabad,01-02-2017,February,2017,83316,Domestic
Adilabad,01-03-2017,March,2017,27508,Domestic
Adilabad,01-04-2017,April,2017,13946,Domestic
Adilabad,01-05-2017,May,2017,11752,Domestic
Adilabad,01-06-2017,June,2017,26859,Domestic
Adilabad,01-07-2017,July,2017,52386,Domestic
Adilabad,01-08-2017,August,2017,34876,Domestic
Adilabad,01-09-2017,September,2017,42699,Domestic
Adilabad,01-10-2017,October,2017,41666,Domestic
Adilabad,01-11-2017,November,2017,117322,Domestic
Adilabad,01-12-2017,December,2017,54251,Domestic
Bhadradri Kothagudem ,01-01-2017,January,2017,302315,Domestic
Bhadradri Kothagudem ,01-02-2017,February,2017,251359,Domestic
Bhadradri Kothagudem ,01-03-2017,March,2017,243943,Domestic
Bhadradri Kothagudem ,01-04-2017,April,2017,667459,Domestic
Bhadradri Kothagudem ,01-05-2017,May,2017,311626,Domestic
Bhadradri Kothagudem ,01-06-2017,June,2017,351742,Domestic
Bhadradri Kothagudem ,01-07-2017,July,2017,258114,Domestic
Bhadradri Kothagudem ,01-08-2017,August,2017,316438,Domestic
Bhadradri Kothagudem ,01-09-2017,September,2017,381784,Domestic
Bhadradri Kothagudem ,01-10-2017,October,2017,334504,Domestic
Bhadradri Kothagudem ,01-11-2017,November,2017,281515,Domestic
Bhadradri Kothagudem ,01-12-2017,December,2017,393518,Domestic
Hyderabad,01-01-2017,January,2017,1924695,Domestic
Hyderabad,01-02-2017,February,2017,1886698,Domestic
Hyderabad,01-03-2017,March,2017,1783903,Domestic
Hyderabad,01-04-2017,April,2017,2366793,Domestic
Hyderabad,01-05-2017,May,2017,2266793,Domestic
Hyderabad,01-06-2017,June,2017,2007060,Domestic
Hyderabad,01-07-2017,July,2017,1890870,Domestic
Hyderabad,01-08-2017,August,2017,1976980,Domestic
Hyderabad,01-09-2017,September,2017,2011280,Domestic
Hyderabad,01-10-2017,October,2017,2202316,Domestic
Hyderabad,01-11-2017,November,2017,1971438,Domestic
Hyderabad,01-12-2017,December,2017,4871416,Domestic
Jagtial ,01-01-2017,January,2017,174477,Domestic
Jagtial ,01-02-2017,February,2017,159659,Domestic
Jagtial ,01-03-2017,March,2017,323658,Domestic
Jagtial ,01-04-2017,April,2017,330540,Domestic
Jagtial ,01-05-2017,May,2017,468038,Domestic
Jagtial ,01-06-2017,June,2017,418103,Domestic
Jagtial ,01-07-2017,July,2017,247254,Domestic
Jagtial ,01-08-2017,August,2017,386458,Domestic
Jagtial ,01-09-2017,September,2017,143102,Domestic
Jagtial ,01-10-2017,October,2017,248504,Domestic
Jagtial ,01-11-2017,November,2017,348042,Domestic
Jagtial ,01-12-2017,December,2017,393566,Domestic
Jangaon ,01-01-2017,January,2017,12280,Domestic
Jangaon ,01-02-2017,February,2017,12610,Domestic
Jangaon ,01-03-2017,March,2017,8450,Domestic
Jangaon ,01-04-2017,April,2017,9788,Domestic
Jangaon ,01-05-2017,May,2017,12130,Domestic
Jangaon ,01-06-2017,June,2017,13750,Domestic
Jangaon ,01-07-2017,July,2017,16050,Domestic
Jangaon ,01-08-2017,August,2017,15680,Domestic
Jangaon ,01-09-2017,September,2017,15600,Domestic
Jangaon ,01-10-2017,October,2017,16130,Domestic
Jangaon ,01-11-2017,November,2017,16360,Domestic
Jangaon ,01-12-2017,December,2017,16880,Domestic
Jayashankar Bhoopalpally,01-01-2017,January,2017,96560,Domestic
Jayashankar Bhoopalpally,01-02-2017,February,2017,96850,Domestic
Jayashankar Bhoopalpally,01-03-2017,March,2017,81400,Domestic
Jayashankar Bhoopalpally,01-04-2017,April,2017,90700,Domestic
Jayashankar Bhoopalpally,01-05-2017,May,2017,91150,Domestic
Jayashankar Bhoopalpally,01-06-2017,June,2017,93650,Domestic
Jayashankar Bhoopalpally,01-07-2017,July,2017,94700,Domestic
Jayashankar Bhoopalpally,01-08-2017,August,2017,118350,Domestic
Jayashankar Bhoopalpally,01-09-2017,September,2017,112600,Domestic
Jayashankar Bhoopalpally,01-10-2017,October,2017,115250,Domestic
Jayashankar Bhoopalpally,01-11-2017,November,2017,116800,Domestic
Jayashankar Bhoopalpally,01-12-2017,December,2017,723000,Domestic
Jogulamba Gadwal ,01-01-2017,January,2017,214887,Domestic
Jogulamba Gadwal ,01-02-2017,February,2017,481110,Domestic
Jogulamba Gadwal ,01-03-2017,March,2017,155013,Domestic
Jogulamba Gadwal ,01-04-2017,April,2017,131426,Domestic
Jogulamba Gadwal ,01-05-2017,May,2017,131426,Domestic
Jogulamba Gadwal ,01-06-2017,June,2017,160182,Domestic
Jogulamba Gadwal ,01-07-2017,July,2017,160182,Domestic
Jogulamba Gadwal ,01-08-2017,August,2017,131485,Domestic
Jogulamba Gadwal ,01-09-2017,September,2017,123733,Domestic
Jogulamba Gadwal ,01-10-2017,October,2017,152898,Domestic
Jogulamba Gadwal ,01-11-2017,November,2017,188170,Domestic
Jogulamba Gadwal ,01-12-2017,December,2017,214887,Domestic
Kamareddy ,01-01-2017,January,2017,58,Domestic
Kamareddy ,01-02-2017,February,2017,50,Domestic
Kamareddy ,01-03-2017,March,2017,41,Domestic
Kamareddy ,01-04-2017,April,2017,46,Domestic
Kamareddy ,01-05-2017,May,2017,60,Domestic
Kamareddy ,01-06-2017,June,2017,41,Domestic
Kamareddy ,01-07-2017,July,2017,41,Domestic
Kamareddy ,01-08-2017,August,2017,40,Domestic
Kamareddy ,01-09-2017,September,2017,41,Domestic
Kamareddy ,01-10-2017,October,2017,38,Domestic
Kamareddy ,01-11-2017,November,2017,43,Domestic
Kamareddy ,01-12-2017,December,2017,41,Domestic
Karimnagar ,01-01-2017,January,2017,14425,Domestic
Karimnagar ,01-02-2017,February,2017,10845,Domestic
Karimnagar ,01-03-2017,March,2017,9625,Domestic
Karimnagar ,01-04-2017,April,2017,8630,Domestic
Karimnagar ,01-05-2017,May,2017,8890,Domestic
Karimnagar ,01-06-2017,June,2017,10542,Domestic
Karimnagar ,01-07-2017,July,2017,12350,Domestic
Karimnagar ,01-08-2017,August,2017,10952,Domestic
Karimnagar ,01-09-2017,September,2017,7576,Domestic
Karimnagar ,01-10-2017,October,2017,8371,Domestic
Karimnagar ,01-11-2017,November,2017,8705,Domestic
Karimnagar ,01-12-2017,December,2017,13065,Domestic
Khammam,01-01-2017,January,2017,132528,Domestic
Khammam,01-02-2017,February,2017,115470,Domestic
Khammam,01-03-2017,March,2017,101878,Domestic
Khammam,01-04-2017,April,2017,135920,Domestic
Khammam,01-05-2017,May,2017,138799,Domestic
Khammam,01-06-2017,June,2017,138158,Domestic
Khammam,01-07-2017,July,2017,105102,Domestic
Khammam,01-08-2017,August,2017,129159,Domestic
Khammam,01-09-2017,September,2017,140821,Domestic
Khammam,01-10-2017,October,2017,155943,Domestic
Khammam,01-11-2017,November,2017,110800,Domestic
Khammam,01-12-2017,December,2017,137825,Domestic
Komaram Bheem Asifabad,01-01-2017,January,2017,2241,Domestic
Komaram Bheem Asifabad,01-02-2017,February,2017,2490,Domestic
Komaram Bheem Asifabad,01-03-2017,March,2017,2767,Domestic
Komaram Bheem Asifabad,01-04-2017,April,2017,3074,Domestic
Komaram Bheem Asifabad,01-05-2017,May,2017,3416,Domestic
Komaram Bheem Asifabad,01-06-2017,June,2017,3796,Domestic
Komaram Bheem Asifabad,01-07-2017,July,2017,3713,Domestic
Komaram Bheem Asifabad,01-08-2017,August,2017,3665,Domestic
Komaram Bheem Asifabad,01-09-2017,September,2017,3934,Domestic
Komaram Bheem Asifabad,01-10-2017,October,2017,14050,Domestic
Komaram Bheem Asifabad,01-11-2017,November,2017,3627,Domestic
Komaram Bheem Asifabad,01-12-2017,December,2017,4218,Domestic
Mahabubabad ,01-01-2017,January,2017,13260,Domestic
Mahabubabad ,01-02-2017,February,2017,13045,Domestic
Mahabubabad ,01-03-2017,March,2017,9100,Domestic
Mahabubabad ,01-04-2017,April,2017,9140,Domestic
Mahabubabad ,01-05-2017,May,2017,10220,Domestic
Mahabubabad ,01-06-2017,June,2017,10130,Domestic
Mahabubabad ,01-07-2017,July,2017,10170,Domestic
Mahabubabad ,01-08-2017,August,2017,12520,Domestic
Mahabubabad ,01-09-2017,September,2017,13140,Domestic
Mahabubabad ,01-10-2017,October,2017,13750,Domestic
Mahabubabad ,01-11-2017,November,2017,13560,Domestic
Mahabubabad ,01-12-2017,December,2017,13780,Domestic
Mahbubnagar,01-01-2017,January,2017,446135,Domestic
Mahbubnagar,01-02-2017,February,2017,805392,Domestic
Mahbubnagar,01-03-2017,March,2017,178256,Domestic
Mahbubnagar,01-04-2017,April,2017,208694,Domestic
Mahbubnagar,01-05-2017,May,2017,214209,Domestic
Mahbubnagar,01-06-2017,June,2017,179210,Domestic
Mahbubnagar,01-07-2017,July,2017,179099,Domestic
Mahbubnagar,01-08-2017,August,2017,215229,Domestic
Mahbubnagar,01-09-2017,September,2017,180675,Domestic
Mahbubnagar,01-10-2017,October,2017,196103,Domestic
Mahbubnagar,01-11-2017,November,2017,259060,Domestic
Mahbubnagar,01-12-2017,December,2017,426167,Domestic
Mancherial,01-01-2017,January,2017,2937,Domestic
Mancherial,01-02-2017,February,2017,3130,Domestic
Mancherial,01-03-2017,March,2017,2775,Domestic
Mancherial,01-04-2017,April,2017,1513,Domestic
Mancherial,01-05-2017,May,2017,1424,Domestic
Mancherial,01-06-2017,June,2017,2119,Domestic
Mancherial,01-07-2017,July,2017,33591,Domestic
Mancherial,01-08-2017,August,2017,26104,Domestic
Mancherial,01-09-2017,September,2017,24297,Domestic
Mancherial,01-10-2017,October,2017,37671,Domestic
Mancherial,01-11-2017,November,2017,25737,Domestic
Mancherial,01-12-2017,December,2017,30328,Domestic
Medak ,01-01-2017,January,2017,523000,Domestic
Medak ,01-02-2017,February,2017,543321,Domestic
Medak ,01-03-2017,March,2017,548535,Domestic
Medak ,01-04-2017,April,2017,554864,Domestic
Medak ,01-05-2017,May,2017,556891,Domestic
Medak ,01-06-2017,June,2017,561469,Domestic
Medak ,01-07-2017,July,2017,575300,Domestic
Medak ,01-08-2017,August,2017,632830,Domestic
Medak ,01-09-2017,September,2017,696113,Domestic
Medak ,01-10-2017,October,2017,765724,Domestic
Medak ,01-11-2017,November,2017,842296,Domestic
Medak ,01-12-2017,December,2017,926526,Domestic
Medchal ,01-01-2017,January,2017, ,Domestic
Medchal ,01-02-2017,February,2017, ,Domestic
Medchal ,01-03-2017,March,2017, ,Domestic
Medchal ,01-04-2017,April,2017, ,Domestic
Medchal ,01-05-2017,May,2017, ,Domestic
Medchal ,01-06-2017,June,2017, ,Domestic
Medchal ,01-07-2017,July,2017, ,Domestic
Medchal ,01-08-2017,August,2017, ,Domestic
Medchal ,01-09-2017,September,2017, ,Domestic
Medchal ,01-10-2017,October,2017, ,Domestic
Medchal ,01-11-2017,November,2017, ,Domestic
Medchal ,01-12-2017,December,2017, ,Domestic
Nagarkurnool ,01-01-2017,January,2017,382879,Domestic
Nagarkurnool ,01-02-2017,February,2017,286258,Domestic
Nagarkurnool ,01-03-2017,March,2017,184508,Domestic
Nagarkurnool ,01-04-2017,April,2017,183697,Domestic
Nagarkurnool ,01-05-2017,May,2017,183697,Domestic
Nagarkurnool ,01-06-2017,June,2017,180010,Domestic
Nagarkurnool ,01-07-2017,July,2017,180010,Domestic
Nagarkurnool ,01-08-2017,August,2017,181861,Domestic
Nagarkurnool ,01-09-2017,September,2017,118010,Domestic
Nagarkurnool ,01-10-2017,October,2017,201050,Domestic
Nagarkurnool ,01-11-2017,November,2017,188786,Domestic
Nagarkurnool ,01-12-2017,December,2017,382879,Domestic
Nalgonda,01-01-2017,January,2017,4447,Domestic
Nalgonda,01-02-2017,February,2017,8652,Domestic
Nalgonda,01-03-2017,March,2017,8054,Domestic
Nalgonda,01-04-2017,April,2017,44295,Domestic
Nalgonda,01-05-2017,May,2017,10750,Domestic
Nalgonda,01-06-2017,June,2017,37879,Domestic
Nalgonda,01-07-2017,July,2017,21361,Domestic
Nalgonda,01-08-2017,August,2017,9363,Domestic
Nalgonda,01-09-2017,September,2017,17465,Domestic
Nalgonda,01-10-2017,October,2017,36066,Domestic
Nalgonda,01-11-2017,November,2017,17687,Domestic
Nalgonda,01-12-2017,December,2017,25897,Domestic
Nirmal,01-01-2017,January,2017,340311,Domestic
Nirmal,01-02-2017,February,2017,415326,Domestic
Nirmal,01-03-2017,March,2017,442057,Domestic
Nirmal,01-04-2017,April,2017,274132,Domestic
Nirmal,01-05-2017,May,2017,297233,Domestic
Nirmal,01-06-2017,June,2017,340359,Domestic
Nirmal,01-07-2017,July,2017,328101,Domestic
Nirmal,01-08-2017,August,2017,340430,Domestic
Nirmal,01-09-2017,September,2017,528540,Domestic
Nirmal,01-10-2017,October,2017,388644,Domestic
Nirmal,01-11-2017,November,2017,369365,Domestic
Nirmal,01-12-2017,December,2017,340585,Domestic
Nizamabad,01-01-2017,January,2017,613,Domestic
Nizamabad,01-02-2017,February,2017,1752,Domestic
Nizamabad,01-03-2017,March,2017,660,Domestic
Nizamabad,01-04-2017,April,2017,1048,Domestic
Nizamabad,01-05-2017,May,2017,1341,Domestic
Nizamabad,01-06-2017,June,2017,2391,Domestic
Nizamabad,01-07-2017,July,2017,1520,Domestic
Nizamabad,01-08-2017,August,2017,1583,Domestic
Nizamabad,01-09-2017,September,2017,933,Domestic
Nizamabad,01-10-2017,October,2017,6644,Domestic
Nizamabad,01-11-2017,November,2017,1677,Domestic
Nizamabad,01-12-2017,December,2017,1787,Domestic
Peddapalli,01-01-2017,January,2017,1345,Domestic
Peddapalli,01-02-2017,February,2017,1378,Domestic
Peddapalli,01-03-2017,March,2017,965,Domestic
Peddapalli,01-04-2017,April,2017,750,Domestic
Peddapalli,01-05-2017,May,2017,640,Domestic
Peddapalli,01-06-2017,June,2017,885,Domestic
Peddapalli,01-07-2017,July,2017,1095,Domestic
Peddapalli,01-08-2017,August,2017,1385,Domestic
Peddapalli,01-09-2017,September,2017,1155,Domestic
Peddapalli,01-10-2017,October,2017,1595,Domestic
Peddapalli,01-11-2017,November,2017,1940,Domestic
Peddapalli,01-12-2017,December,2017,1765,Domestic
Rajanna Sircilla ,01-01-2017,January,2017,615842,Domestic
Rajanna Sircilla ,01-02-2017,February,2017,1255569,Domestic
Rajanna Sircilla ,01-03-2017,March,2017,1030441,Domestic
Rajanna Sircilla ,01-04-2017,April,2017,1146782,Domestic
Rajanna Sircilla ,01-05-2017,May,2017,1117228,Domestic
Rajanna Sircilla ,01-06-2017,June,2017,1113882,Domestic
Rajanna Sircilla ,01-07-2017,July,2017,462022,Domestic
Rajanna Sircilla ,01-08-2017,August,2017,1004410,Domestic
Rajanna Sircilla ,01-09-2017,September,2017,487060,Domestic
Rajanna Sircilla ,01-10-2017,October,2017,845620,Domestic
Rajanna Sircilla ,01-11-2017,November,2017,1191129,Domestic
Rajanna Sircilla ,01-12-2017,December,2017,1649362,Domestic
Ranga Reddy,01-01-2017,January,2017, ,Domestic
Ranga Reddy,01-02-2017,February,2017, ,Domestic
Ranga Reddy,01-03-2017,March,2017, ,Domestic
Ranga Reddy,01-04-2017,April,2017, ,Domestic
Ranga Reddy,01-05-2017,May,2017, ,Domestic
Ranga Reddy,01-06-2017,June,2017, ,Domestic
Ranga Reddy,01-07-2017,July,2017, ,Domestic
Ranga Reddy,01-08-2017,August,2017, ,Domestic
Ranga Reddy,01-09-2017,September,2017, ,Domestic
Ranga Reddy,01-10-2017,October,2017, ,Domestic
Ranga Reddy,01-11-2017,November,2017, ,Domestic
Ranga Reddy,01-12-2017,December,2017, ,Domestic
Sangareddy ,01-01-2017,January,2017,195000,Domestic
Sangareddy ,01-02-2017,February,2017,140000,Domestic
Sangareddy ,01-03-2017,March,2017,275000,Domestic
Sangareddy ,01-04-2017,April,2017,215000,Domestic
Sangareddy ,01-05-2017,May,2017,215000,Domestic
Sangareddy ,01-06-2017,June,2017,180000,Domestic
Sangareddy ,01-07-2017,July,2017,195000,Domestic
Sangareddy ,01-08-2017,August,2017,295000,Domestic
Sangareddy ,01-09-2017,September,2017,200000,Domestic
Sangareddy ,01-10-2017,October,2017,232000,Domestic
Sangareddy ,01-11-2017,November,2017,324500,Domestic
Sangareddy ,01-12-2017,December,2017,356950,Domestic
Siddipet,01-01-2017,January,2017,80500,Domestic
Siddipet,01-02-2017,February,2017,80500,Domestic
Siddipet,01-03-2017,March,2017,80500,Domestic
Siddipet,01-04-2017,April,2017,80500,Domestic
Siddipet,01-05-2017,May,2017,80500,Domestic
Siddipet,01-06-2017,June,2017,60000,Domestic
Siddipet,01-07-2017,July,2017,88550,Domestic
Siddipet,01-08-2017,August,2017,97405,Domestic
Siddipet,01-09-2017,September,2017,107146,Domestic
Siddipet,01-10-2017,October,2017,117861,Domestic
Siddipet,01-11-2017,November,2017,129647,Domestic
Siddipet,01-12-2017,December,2017,142612,Domestic
Suryapet,01-01-2017,January,2017,0,Domestic
Suryapet,01-02-2017,February,2017,0,Domestic
Suryapet,01-03-2017,March,2017,0,Domestic
Suryapet,01-04-2017,April,2017,0,Domestic
Suryapet,01-05-2017,May,2017,0,Domestic
Suryapet,01-06-2017,June,2017,0,Domestic
Suryapet,01-07-2017,July,2017,0,Domestic
Suryapet,01-08-2017,August,2017,0,Domestic
Suryapet,01-09-2017,September,2017,0,Domestic
Suryapet,01-10-2017,October,2017,0,Domestic
Suryapet,01-11-2017,November,2017,0,Domestic
Suryapet,01-12-2017,December,2017,0,Domestic
Vikarabad,01-01-2017,January,2017, ,Domestic
Vikarabad,01-02-2017,February,2017, ,Domestic
Vikarabad,01-03-2017,March,2017, ,Domestic
Vikarabad,01-04-2017,April,2017, ,Domestic
Vikarabad,01-05-2017,May,2017, ,Domestic
Vikarabad,01-06-2017,June,2017, ,Domestic
Vikarabad,01-07-2017,July,2017, ,Domestic
Vikarabad,01-08-2017,August,2017, ,Domestic
Vikarabad,01-09-2017,September,2017, ,Domestic
Vikarabad,01-10-2017,October,2017, ,Domestic
Vikarabad,01-11-2017,November,2017, ,Domestic
Vikarabad,01-12-2017,December,2017, ,Domestic
Wanaparthy ,01-01-2017,January,2017,22152,Domestic
Wanaparthy ,01-02-2017,February,2017,22342,Domestic
Wanaparthy ,01-03-2017,March,2017,20050,Domestic
Wanaparthy ,01-04-2017,April,2017,11502,Domestic
Wanaparthy ,01-05-2017,May,2017,11502,Domestic
Wanaparthy ,01-06-2017,June,2017,19092,Domestic
Wanaparthy ,01-07-2017,July,2017,19092,Domestic
Wanaparthy ,01-08-2017,August,2017,21375,Domestic
Wanaparthy ,01-09-2017,September,2017,35860,Domestic
Wanaparthy ,01-10-2017,October,2017,21234,Domestic
Wanaparthy ,01-11-2017,November,2017,18348,Domestic
Wanaparthy ,01-12-2017,December,2017,22152,Domestic
Warangal (Rural),01-01-2017,January,2017,8000,Domestic
Warangal (Rural),01-02-2017,February,2017,8300,Domestic
Warangal (Rural),01-03-2017,March,2017,7800,Domestic
Warangal (Rural),01-04-2017,April,2017,7600,Domestic
Warangal (Rural),01-05-2017,May,2017,8500,Domestic
Warangal (Rural),01-06-2017,June,2017,9000,Domestic
Warangal (Rural),01-07-2017,July,2017,13600,Domestic
Warangal (Rural),01-08-2017,August,2017,13650,Domestic
Warangal (Rural),01-09-2017,September,2017,13800,Domestic
Warangal (Rural),01-10-2017,October,2017,16500,Domestic
Warangal (Rural),01-11-2017,November,2017,16300,Domestic
Warangal (Rural),01-12-2017,December,2017,21200,Domestic
Warangal (Urban),01-01-2017,January,2017,130608,Domestic
Warangal (Urban),01-02-2017,February,2017,126608,Domestic
Warangal (Urban),01-03-2017,March,2017,118298,Domestic
Warangal (Urban),01-04-2017,April,2017,107133,Domestic
Warangal (Urban),01-05-2017,May,2017,109915,Domestic
Warangal (Urban),01-06-2017,June,2017,111530,Domestic
Warangal (Urban),01-07-2017,July,2017,116545,Domestic
Warangal (Urban),01-08-2017,August,2017,116810,Domestic
Warangal (Urban),01-09-2017,September,2017,117150,Domestic
Warangal (Urban),01-10-2017,October,2017,119255,Domestic
Warangal (Urban),01-11-2017,November,2017,119360,Domestic
Warangal (Urban),01-12-2017,December,2017,126790,Domestic
Yadadri Bhongir,01-01-2017,January,2017,678000,Domestic
Yadadri Bhongir,01-02-2017,February,2017,540500,Domestic
Yadadri Bhongir,01-03-2017,March,2017,525588,Domestic
Yadadri Bhongir,01-04-2017,April,2017,570000,Domestic
Yadadri Bhongir,01-05-2017,May,2017,458700,Domestic
Yadadri Bhongir,01-06-2017,June,2017,685880,Domestic
Yadadri Bhongir,01-07-2017,July,2017,481240,Domestic
Yadadri Bhongir,01-08-2017,August,2017,680720,Domestic
Yadadri Bhongir,01-09-2017,September,2017,678925,Domestic
Yadadri Bhongir,01-10-2017,October,2017,683500,Domestic
Yadadri Bhongir,01-11-2017,November,2017,537600,Domestic
Yadadri Bhongir,01-12-2017,December,2017,481075,Domestic
Adilabad,01-01-2018,January,2018,320356,Domestic
Adilabad,01-02-2018,February,2018,36550,Domestic
Adilabad,01-03-2018,March,2018,23011,Domestic
Adilabad,01-04-2018,April,2018,14183,Domestic
Adilabad,01-05-2018,May,2018,8197,Domestic
Adilabad,01-06-2018,June,2018,12052,Domestic
Adilabad,01-07-2018,July,2018,24666,Domestic
Adilabad,01-08-2018,August,2018,38939,Domestic
Adilabad,01-09-2018,September,2018,25875,Domestic
Adilabad,01-10-2018,October,2018,30257,Domestic
Adilabad,01-11-2018,November,2018,49181,Domestic
Adilabad,01-12-2018,December,2018,61476,Domestic
Bhadradri Kothagudem ,01-01-2018,January,2018,421275,Domestic
Bhadradri Kothagudem ,01-02-2018,February,2018,240634,Domestic
Bhadradri Kothagudem ,01-03-2018,March,2018,421275,Domestic
Bhadradri Kothagudem ,01-04-2018,April,2018,341258,Domestic
Bhadradri Kothagudem ,01-05-2018,May,2018,291273,Domestic
Bhadradri Kothagudem ,01-06-2018,June,2018,290512,Domestic
Bhadradri Kothagudem ,01-07-2018,July,2018,220304,Domestic
Bhadradri Kothagudem ,01-08-2018,August,2018,219548,Domestic
Bhadradri Kothagudem ,01-09-2018,September,2018,334878,Domestic
Bhadradri Kothagudem ,01-10-2018,October,2018,322974,Domestic
Bhadradri Kothagudem ,01-11-2018,November,2018,253464,Domestic
Bhadradri Kothagudem ,01-12-2018,December,2018,442483,Domestic
Hyderabad,01-01-2018,January,2018,1978396,Domestic
Hyderabad,01-02-2018,February,2018,1365837,Domestic
Hyderabad,01-03-2018,March,2018,1415938,Domestic
Hyderabad,01-04-2018,April,2018,1586375,Domestic
Hyderabad,01-05-2018,May,2018,1189492,Domestic
Hyderabad,01-06-2018,June,2018,1595067,Domestic
Hyderabad,01-07-2018,July,2018,1470042,Domestic
Hyderabad,01-08-2018,August,2018,1591470,Domestic
Hyderabad,01-09-2018,September,2018,1508086,Domestic
Hyderabad,01-10-2018,October,2018,2207478,Domestic
Hyderabad,01-11-2018,November,2018,1671320,Domestic
Hyderabad,01-12-2018,December,2018,1964150,Domestic
Jagtial ,01-01-2018,January,2018,614082,Domestic
Jagtial ,01-02-2018,February,2018,349576,Domestic
Jagtial ,01-03-2018,March,2018,416716,Domestic
Jagtial ,01-04-2018,April,2018,372874,Domestic
Jagtial ,01-05-2018,May,2018,641363,Domestic
Jagtial ,01-06-2018,June,2018,182505,Domestic
Jagtial ,01-07-2018,July,2018,182473,Domestic
Jagtial ,01-08-2018,August,2018,272685,Domestic
Jagtial ,01-09-2018,September,2018,273121,Domestic
Jagtial ,01-10-2018,October,2018,138206,Domestic
Jagtial ,01-11-2018,November,2018,277997,Domestic
Jagtial ,01-12-2018,December,2018,231323,Domestic
Jangaon ,01-01-2018,January,2018,17180,Domestic
Jangaon ,01-02-2018,February,2018,18600,Domestic
Jangaon ,01-03-2018,March,2018,17300,Domestic
Jangaon ,01-04-2018,April,2018,18100,Domestic
Jangaon ,01-05-2018,May,2018,19660,Domestic
Jangaon ,01-06-2018,June,2018,23050,Domestic
Jangaon ,01-07-2018,July,2018,26280,Domestic
Jangaon ,01-08-2018,August,2018,26020,Domestic
Jangaon ,01-09-2018,September,2018,28830,Domestic
Jangaon ,01-10-2018,October,2018,29470,Domestic
Jangaon ,01-11-2018,November,2018,29570,Domestic
Jangaon ,01-12-2018,December,2018,36962,Domestic
Jayashankar Bhoopalpally,01-01-2018,January,2018,6519850,Domestic
Jayashankar Bhoopalpally,01-02-2018,February,2018,8626250,Domestic
Jayashankar Bhoopalpally,01-03-2018,March,2018,146150,Domestic
Jayashankar Bhoopalpally,01-04-2018,April,2018,149150,Domestic
Jayashankar Bhoopalpally,01-05-2018,May,2018,152050,Domestic
Jayashankar Bhoopalpally,01-06-2018,June,2018,159400,Domestic
Jayashankar Bhoopalpally,01-07-2018,July,2018,128550,Domestic
Jayashankar Bhoopalpally,01-08-2018,August,2018,184700,Domestic
Jayashankar Bhoopalpally,01-09-2018,September,2018,192300,Domestic
Jayashankar Bhoopalpally,01-10-2018,October,2018,195400,Domestic
Jayashankar Bhoopalpally,01-11-2018,November,2018,196500,Domestic
Jayashankar Bhoopalpally,01-12-2018,December,2018,245625,Domestic
Jogulamba Gadwal ,01-01-2018,January,2018,146441,Domestic
Jogulamba Gadwal ,01-02-2018,February,2018,481110,Domestic
Jogulamba Gadwal ,01-03-2018,March,2018,155013,Domestic
Jogulamba Gadwal ,01-04-2018,April,2018,138673,Domestic
Jogulamba Gadwal ,01-05-2018,May,2018,131426,Domestic
Jogulamba Gadwal ,01-06-2018,June,2018,160182,Domestic
Jogulamba Gadwal ,01-07-2018,July,2018,114951,Domestic
Jogulamba Gadwal ,01-08-2018,August,2018,123733,Domestic
Jogulamba Gadwal ,01-09-2018,September,2018,121710,Domestic
Jogulamba Gadwal ,01-10-2018,October,2018,152898,Domestic
Jogulamba Gadwal ,01-11-2018,November,2018,128075,Domestic
Jogulamba Gadwal ,01-12-2018,December,2018,182333,Domestic
Kamareddy ,01-01-2018,January,2018,44,Domestic
Kamareddy ,01-02-2018,February,2018,44,Domestic
Kamareddy ,01-03-2018,March,2018,45,Domestic
Kamareddy ,01-04-2018,April,2018,45,Domestic
Kamareddy ,01-05-2018,May,2018,49,Domestic
Kamareddy ,01-06-2018,June,2018,56,Domestic
Kamareddy ,01-07-2018,July,2018,48,Domestic
Kamareddy ,01-08-2018,August,2018,55,Domestic
Kamareddy ,01-09-2018,September,2018,40,Domestic
Kamareddy ,01-10-2018,October,2018,62,Domestic
Kamareddy ,01-11-2018,November,2018,41,Domestic
Kamareddy ,01-12-2018,December,2018,43,Domestic
Karimnagar ,01-01-2018,January,2018,13505,Domestic
Karimnagar ,01-02-2018,February,2018,9330,Domestic
Karimnagar ,01-03-2018,March,2018,7205,Domestic
Karimnagar ,01-04-2018,April,2018,5830,Domestic
Karimnagar ,01-05-2018,May,2018,5689,Domestic
Karimnagar ,01-06-2018,June,2018,7180,Domestic
Karimnagar ,01-07-2018,July,2018,6686,Domestic
Karimnagar ,01-08-2018,August,2018,8480,Domestic
Karimnagar ,01-09-2018,September,2018,8480,Domestic
Karimnagar ,01-10-2018,October,2018,6118,Domestic
Karimnagar ,01-11-2018,November,2018,7145,Domestic
Karimnagar ,01-12-2018,December,2018,7800,Domestic
Khammam,01-01-2018,January,2018,110094,Domestic
Khammam,01-02-2018,February,2018,104444,Domestic
Khammam,01-03-2018,March,2018,127152,Domestic
Khammam,01-04-2018,April,2018,126553,Domestic
Khammam,01-05-2018,May,2018,135189,Domestic
Khammam,01-06-2018,June,2018,135988,Domestic
Khammam,01-07-2018,July,2018,85932,Domestic
Khammam,01-08-2018,August,2018,86309,Domestic
Khammam,01-09-2018,September,2018,143465,Domestic
Khammam,01-10-2018,October,2018,127645,Domestic
Khammam,01-11-2018,November,2018,99070,Domestic
Khammam,01-12-2018,December,2018,135600,Domestic
Komaram Bheem Asifabad,01-01-2018,January,2018,2863,Domestic
Komaram Bheem Asifabad,01-02-2018,February,2018,2736,Domestic
Komaram Bheem Asifabad,01-03-2018,March,2018,1826,Domestic
Komaram Bheem Asifabad,01-04-2018,April,2018,868,Domestic
Komaram Bheem Asifabad,01-05-2018,May,2018,793,Domestic
Komaram Bheem Asifabad,01-06-2018,June,2018,990,Domestic
Komaram Bheem Asifabad,01-07-2018,July,2018,1954,Domestic
Komaram Bheem Asifabad,01-08-2018,August,2018,2263,Domestic
Komaram Bheem Asifabad,01-09-2018,September,2018,1819,Domestic
Komaram Bheem Asifabad,01-10-2018,October,2018,2525,Domestic
Komaram Bheem Asifabad,01-11-2018,November,2018,1741,Domestic
Komaram Bheem Asifabad,01-12-2018,December,2018,2176,Domestic
Mahabubabad ,01-01-2018,January,2018,14000,Domestic
Mahabubabad ,01-02-2018,February,2018,14230,Domestic
Mahabubabad ,01-03-2018,March,2018,13110,Domestic
Mahabubabad ,01-04-2018,April,2018,12915,Domestic
Mahabubabad ,01-05-2018,May,2018,12865,Domestic
Mahabubabad ,01-06-2018,June,2018,13910,Domestic
Mahabubabad ,01-07-2018,July,2018,13970,Domestic
Mahabubabad ,01-08-2018,August,2018,13200,Domestic
Mahabubabad ,01-09-2018,September,2018,13420,Domestic
Mahabubabad ,01-10-2018,October,2018,13550,Domestic
Mahabubabad ,01-11-2018,November,2018,13700,Domestic
Mahabubabad ,01-12-2018,December,2018,17125,Domestic
Mahbubnagar,01-01-2018,January,2018,156153,Domestic
Mahbubnagar,01-02-2018,February,2018,788083,Domestic
Mahbubnagar,01-03-2018,March,2018,166863,Domestic
Mahbubnagar,01-04-2018,April,2018,196061,Domestic
Mahbubnagar,01-05-2018,May,2018,193478,Domestic
Mahbubnagar,01-06-2018,June,2018,165553,Domestic
Mahbubnagar,01-07-2018,July,2018,161841,Domestic
Mahbubnagar,01-08-2018,August,2018,169154,Domestic
Mahbubnagar,01-09-2018,September,2018,167833,Domestic
Mahbubnagar,01-10-2018,October,2018,193152,Domestic
Mahbubnagar,01-11-2018,November,2018,295910,Domestic
Mahbubnagar,01-12-2018,December,2018,198227,Domestic
Mancherial,01-01-2018,January,2018,71955,Domestic
Mancherial,01-02-2018,February,2018,38599,Domestic
Mancherial,01-03-2018,March,2018,20749,Domestic
Mancherial,01-04-2018,April,2018,38483,Domestic
Mancherial,01-05-2018,May,2018,26179,Domestic
Mancherial,01-06-2018,June,2018,31667,Domestic
Mancherial,01-07-2018,July,2018,27937,Domestic
Mancherial,01-08-2018,August,2018,31861,Domestic
Mancherial,01-09-2018,September,2018,23141,Domestic
Mancherial,01-10-2018,October,2018,30740,Domestic
Mancherial,01-11-2018,November,2018,25197,Domestic
Mancherial,01-12-2018,December,2018,31496,Domestic
Medak ,01-01-2018,January,2018,100000,Domestic
Medak ,01-02-2018,February,2018,1000000,Domestic
Medak ,01-03-2018,March,2018,600000,Domestic
Medak ,01-04-2018,April,2018,200000,Domestic
Medak ,01-05-2018,May,2018,300000,Domestic
Medak ,01-06-2018,June,2018,500000,Domestic
Medak ,01-07-2018,July,2018,150000,Domestic
Medak ,01-08-2018,August,2018,50000,Domestic
Medak ,01-09-2018,September,2018,100000,Domestic
Medak ,01-10-2018,October,2018,300000,Domestic
Medak ,01-11-2018,November,2018,200000,Domestic
Medak ,01-12-2018,December,2018,400000,Domestic
Medchal ,01-01-2018,January,2018, ,Domestic
Medchal ,01-02-2018,February,2018, ,Domestic
Medchal ,01-03-2018,March,2018, ,Domestic
Medchal ,01-04-2018,April,2018, ,Domestic
Medchal ,01-05-2018,May,2018, ,Domestic
Medchal ,01-06-2018,June,2018, ,Domestic
Medchal ,01-07-2018,July,2018, ,Domestic
Medchal ,01-08-2018,August,2018, ,Domestic
Medchal ,01-09-2018,September,2018, ,Domestic
Medchal ,01-10-2018,October,2018, ,Domestic
Medchal ,01-11-2018,November,2018, ,Domestic
Medchal ,01-12-2018,December,2018, ,Domestic
Nagarkurnool ,01-01-2018,January,2018,228812,Domestic
Nagarkurnool ,01-02-2018,February,2018,286258,Domestic
Nagarkurnool ,01-03-2018,March,2018,184508,Domestic
Nagarkurnool ,01-04-2018,April,2018,174592,Domestic
Nagarkurnool ,01-05-2018,May,2018,183697,Domestic
Nagarkurnool ,01-06-2018,June,2018,180010,Domestic
Nagarkurnool ,01-07-2018,July,2018,93450,Domestic
Nagarkurnool ,01-08-2018,August,2018,118010,Domestic
Nagarkurnool ,01-09-2018,September,2018,118449,Domestic
Nagarkurnool ,01-10-2018,October,2018,201050,Domestic
Nagarkurnool ,01-11-2018,November,2018,121452,Domestic
Nagarkurnool ,01-12-2018,December,2018,198637,Domestic
Nalgonda,01-01-2018,January,2018,36205,Domestic
Nalgonda,01-02-2018,February,2018,9971,Domestic
Nalgonda,01-03-2018,March,2018,9677,Domestic
Nalgonda,01-04-2018,April,2018,9779,Domestic
Nalgonda,01-05-2018,May,2018,10241,Domestic
Nalgonda,01-06-2018,June,2018,9066,Domestic
Nalgonda,01-07-2018,July,2018,9668,Domestic
Nalgonda,01-08-2018,August,2018,10135,Domestic
Nalgonda,01-09-2018,September,2018,21365,Domestic
Nalgonda,01-10-2018,October,2018,22332,Domestic
Nalgonda,01-11-2018,November,2018,5422,Domestic
Nalgonda,01-12-2018,December,2018,6777,Domestic
Nirmal,01-01-2018,January,2018,480241,Domestic
Nirmal,01-02-2018,February,2018,335447,Domestic
Nirmal,01-03-2018,March,2018,328099,Domestic
Nirmal,01-04-2018,April,2018,368645,Domestic
Nirmal,01-05-2018,May,2018,342650,Domestic
Nirmal,01-06-2018,June,2018,355197,Domestic
Nirmal,01-07-2018,July,2018,335356,Domestic
Nirmal,01-08-2018,August,2018,313910,Domestic
Nirmal,01-09-2018,September,2018,293859,Domestic
Nirmal,01-10-2018,October,2018,373291,Domestic
Nirmal,01-11-2018,November,2018,289169,Domestic
Nirmal,01-12-2018,December,2018,361461,Domestic
Nizamabad,01-01-2018,January,2018,2495,Domestic
Nizamabad,01-02-2018,February,2018,7152,Domestic
Nizamabad,01-03-2018,March,2018,2903,Domestic
Nizamabad,01-04-2018,April,2018,3550,Domestic
Nizamabad,01-05-2018,May,2018,5360,Domestic
Nizamabad,01-06-2018,June,2018,1761,Domestic
Nizamabad,01-07-2018,July,2018,5882,Domestic
Nizamabad,01-08-2018,August,2018,10525,Domestic
Nizamabad,01-09-2018,September,2018,475,Domestic
Nizamabad,01-10-2018,October,2018,490,Domestic
Nizamabad,01-11-2018,November,2018,475,Domestic
Nizamabad,01-12-2018,December,2018,355,Domestic
Peddapalli,01-01-2018,January,2018,2670,Domestic
Peddapalli,01-02-2018,February,2018,2695,Domestic
Peddapalli,01-03-2018,March,2018,2325,Domestic
Peddapalli,01-04-2018,April,2018,1940,Domestic
Peddapalli,01-05-2018,May,2018,1499,Domestic
Peddapalli,01-06-2018,June,2018,1580,Domestic
Peddapalli,01-07-2018,July,2018,1580,Domestic
Peddapalli,01-08-2018,August,2018,1595,Domestic
Peddapalli,01-09-2018,September,2018,1475,Domestic
Peddapalli,01-10-2018,October,2018,1545,Domestic
Peddapalli,01-11-2018,November,2018,1655,Domestic
Peddapalli,01-12-2018,December,2018,1695,Domestic
Rajanna Sircilla ,01-01-2018,January,2018,2238074,Domestic
Rajanna Sircilla ,01-02-2018,February,2018,1021787,Domestic
Rajanna Sircilla ,01-03-2018,March,2018,1022669,Domestic
Rajanna Sircilla ,01-04-2018,April,2018,833874,Domestic
Rajanna Sircilla ,01-05-2018,May,2018,1021952,Domestic
Rajanna Sircilla ,01-06-2018,June,2018,320886,Domestic
Rajanna Sircilla ,01-07-2018,July,2018,937720,Domestic
Rajanna Sircilla ,01-08-2018,August,2018,320952,Domestic
Rajanna Sircilla ,01-09-2018,September,2018,818693,Domestic
Rajanna Sircilla ,01-10-2018,October,2018,506563,Domestic
Rajanna Sircilla ,01-11-2018,November,2018,840933,Domestic
Rajanna Sircilla ,01-12-2018,December,2018,950128,Domestic
Ranga Reddy,01-01-2018,January,2018, ,Domestic
Ranga Reddy,01-02-2018,February,2018, ,Domestic
Ranga Reddy,01-03-2018,March,2018, ,Domestic
Ranga Reddy,01-04-2018,April,2018, ,Domestic
Ranga Reddy,01-05-2018,May,2018, ,Domestic
Ranga Reddy,01-06-2018,June,2018, ,Domestic
Ranga Reddy,01-07-2018,July,2018, ,Domestic
Ranga Reddy,01-08-2018,August,2018, ,Domestic
Ranga Reddy,01-09-2018,September,2018, ,Domestic
Ranga Reddy,01-10-2018,October,2018, ,Domestic
Ranga Reddy,01-11-2018,November,2018, ,Domestic
Ranga Reddy,01-12-2018,December,2018, ,Domestic
Sangareddy ,01-01-2018,January,2018,254000,Domestic
Sangareddy ,01-02-2018,February,2018,540000,Domestic
Sangareddy ,01-03-2018,March,2018,158500,Domestic
Sangareddy ,01-04-2018,April,2018,162500,Domestic
Sangareddy ,01-05-2018,May,2018,157000,Domestic
Sangareddy ,01-06-2018,June,2018,93500,Domestic
Sangareddy ,01-07-2018,July,2018,108600,Domestic
Sangareddy ,01-08-2018,August,2018,205000,Domestic
Sangareddy ,01-09-2018,September,2018,125000,Domestic
Sangareddy ,01-10-2018,October,2018,171800,Domestic
Sangareddy ,01-11-2018,November,2018,160000,Domestic
Sangareddy ,01-12-2018,December,2018,134000,Domestic
Siddipet,01-01-2018,January,2018,253000,Domestic
Siddipet,01-02-2018,February,2018,44000,Domestic
Siddipet,01-03-2018,March,2018,164800,Domestic
Siddipet,01-04-2018,April,2018,115000,Domestic
Siddipet,01-05-2018,May,2018,165200,Domestic
Siddipet,01-06-2018,June,2018,104300,Domestic
Siddipet,01-07-2018,July,2018,54000,Domestic
Siddipet,01-08-2018,August,2018,100000,Domestic
Siddipet,01-09-2018,September,2018,55000,Domestic
Siddipet,01-10-2018,October,2018,43000,Domestic
Siddipet,01-11-2018,November,2018,135000,Domestic
Siddipet,01-12-2018,December,2018,50000,Domestic
Vikarabad,01-01-2018,January,2018, ,Domestic
Vikarabad,01-02-2018,February,2018, ,Domestic
Vikarabad,01-03-2018,March,2018, ,Domestic
Vikarabad,01-04-2018,April,2018, ,Domestic
Vikarabad,01-05-2018,May,2018, ,Domestic
Vikarabad,01-06-2018,June,2018, ,Domestic
Vikarabad,01-07-2018,July,2018, ,Domestic
Vikarabad,01-08-2018,August,2018, ,Domestic
Vikarabad,01-09-2018,September,2018, ,Domestic
Vikarabad,01-10-2018,October,2018, ,Domestic
Vikarabad,01-11-2018,November,2018, ,Domestic
Vikarabad,01-12-2018,December,2018, ,Domestic
Wanaparthy ,01-01-2018,January,2018,28131,Domestic
Wanaparthy ,01-02-2018,February,2018,22341,Domestic
Wanaparthy ,01-03-2018,March,2018,20050,Domestic
Wanaparthy ,01-04-2018,April,2018,10550,Domestic
Wanaparthy ,01-05-2018,May,2018,11502,Domestic
Wanaparthy ,01-06-2018,June,2018,19092,Domestic
Wanaparthy ,01-07-2018,July,2018,32625,Domestic
Wanaparthy ,01-08-2018,August,2018,35860,Domestic
Wanaparthy ,01-09-2018,September,2018,32002,Domestic
Wanaparthy ,01-10-2018,October,2018,21234,Domestic
Wanaparthy ,01-11-2018,November,2018,32657,Domestic
Wanaparthy ,01-12-2018,December,2018,20556,Domestic
Warangal (Rural),01-01-2018,January,2018,25200,Domestic
Warangal (Rural),01-02-2018,February,2018,26300,Domestic
Warangal (Rural),01-03-2018,March,2018,26200,Domestic
Warangal (Rural),01-04-2018,April,2018,21600,Domestic
Warangal (Rural),01-05-2018,May,2018,22100,Domestic
Warangal (Rural),01-06-2018,June,2018,23100,Domestic
Warangal (Rural),01-07-2018,July,2018,25900,Domestic
Warangal (Rural),01-08-2018,August,2018,25700,Domestic
Warangal (Rural),01-09-2018,September,2018,25800,Domestic
Warangal (Rural),01-10-2018,October,2018,26000,Domestic
Warangal (Rural),01-11-2018,November,2018,24050,Domestic
Warangal (Rural),01-12-2018,December,2018,30062,Domestic
Warangal (Urban),01-01-2018,January,2018,137530,Domestic
Warangal (Urban),01-02-2018,February,2018,145750,Domestic
Warangal (Urban),01-03-2018,March,2018,140300,Domestic
Warangal (Urban),01-04-2018,April,2018,142510,Domestic
Warangal (Urban),01-05-2018,May,2018,143425,Domestic
Warangal (Urban),01-06-2018,June,2018,135615,Domestic
Warangal (Urban),01-07-2018,July,2018,136560,Domestic
Warangal (Urban),01-08-2018,August,2018,136760,Domestic
Warangal (Urban),01-09-2018,September,2018,138780,Domestic
Warangal (Urban),01-10-2018,October,2018,140948,Domestic
Warangal (Urban),01-11-2018,November,2018,144515,Domestic
Warangal (Urban),01-12-2018,December,2018,180643,Domestic
Yadadri Bhongir,01-01-2018,January,2018,2016000,Domestic
Yadadri Bhongir,01-02-2018,February,2018,3073872,Domestic
Yadadri Bhongir,01-03-2018,March,2018,2836580,Domestic
Yadadri Bhongir,01-04-2018,April,2018,692370,Domestic
Yadadri Bhongir,01-05-2018,May,2018,781842,Domestic
Yadadri Bhongir,01-06-2018,June,2018,577570,Domestic
Yadadri Bhongir,01-07-2018,July,2018,671156,Domestic
Yadadri Bhongir,01-08-2018,August,2018,526445,Domestic
Yadadri Bhongir,01-09-2018,September,2018,819350,Domestic
Yadadri Bhongir,01-10-2018,October,2018,586475,Domestic
Yadadri Bhongir,01-11-2018,November,2018,485208,Domestic
Yadadri Bhongir,01-12-2018,December,2018,606510,Domestic
Adilabad,01-01-2019,January,2019,25071,Domestic
Adilabad,01-02-2019,February,2019,406177,Domestic
Adilabad,01-03-2019,March,2019,14347,Domestic
Adilabad,01-04-2019,April,2019,9972,Domestic
Adilabad,01-05-2019,May,2019,6997,Domestic
Adilabad,01-06-2019,June,2019,9161,Domestic
Adilabad,01-07-2019,July,2019,11791,Domestic
Adilabad,01-08-2019,August,2019,108173,Domestic
Adilabad,01-09-2019,September,2019,37589,Domestic
Adilabad,01-10-2019,October,2019,38184,Domestic
Adilabad,01-11-2019,November,2019,70344,Domestic
Adilabad,01-12-2019,December,2019,38089,Domestic
Bhadradri Kothagudem ,01-01-2019,January,2019,283365,Domestic
Bhadradri Kothagudem ,01-02-2019,February,2019,229159,Domestic
Bhadradri Kothagudem ,01-03-2019,March,2019,225448,Domestic
Bhadradri Kothagudem ,01-04-2019,April,2019,349585,Domestic
Bhadradri Kothagudem ,01-05-2019,May,2019,275800,Domestic
Bhadradri Kothagudem ,01-06-2019,June,2019,9761776,Domestic
Bhadradri Kothagudem ,01-07-2019,July,2019,233338,Domestic
Bhadradri Kothagudem ,01-08-2019,August,2019,271941,Domestic
Bhadradri Kothagudem ,01-09-2019,September,2019,314199,Domestic
Bhadradri Kothagudem ,01-10-2019,October,2019,287432,Domestic
Bhadradri Kothagudem ,01-11-2019,November,2019,298366,Domestic
Bhadradri Kothagudem ,01-12-2019,December,2019,287328,Domestic
Hyderabad,01-01-2019,January,2019,1426500,Domestic
Hyderabad,01-02-2019,February,2019,983147,Domestic
Hyderabad,01-03-2019,March,2019,1009991,Domestic
Hyderabad,01-04-2019,April,2019,1045933,Domestic
Hyderabad,01-05-2019,May,2019,1305748,Domestic
Hyderabad,01-06-2019,June,2019,1262995,Domestic
Hyderabad,01-07-2019,July,2019,1094861,Domestic
Hyderabad,01-08-2019,August,2019,1121380,Domestic
Hyderabad,01-09-2019,September,2019,959930,Domestic
Hyderabad,01-10-2019,October,2019,1240643,Domestic
Hyderabad,01-11-2019,November,2019,1073665,Domestic
Hyderabad,01-12-2019,December,2019,1277569,Domestic
Jagtial ,01-01-2019,January,2019,211913,Domestic
Jagtial ,01-02-2019,February,2019,215105,Domestic
Jagtial ,01-03-2019,March,2019,194090,Domestic
Jagtial ,01-04-2019,April,2019,447226,Domestic
Jagtial ,01-05-2019,May,2019,500206,Domestic
Jagtial ,01-06-2019,June,2019,235363,Domestic
Jagtial ,01-07-2019,July,2019,157419,Domestic
Jagtial ,01-08-2019,August,2019,151570,Domestic
Jagtial ,01-09-2019,September,2019,157564,Domestic
Jagtial ,01-10-2019,October,2019,165070,Domestic
Jagtial ,01-11-2019,November,2019,277630,Domestic
Jagtial ,01-12-2019,December,2019,372959,Domestic
Jangaon ,01-01-2019,January,2019,28750,Domestic
Jangaon ,01-02-2019,February,2019,28810,Domestic
Jangaon ,01-03-2019,March,2019,27300,Domestic
Jangaon ,01-04-2019,April,2019,26160,Domestic
Jangaon ,01-05-2019,May,2019,26740,Domestic
Jangaon ,01-06-2019,June,2019,25820,Domestic
Jangaon ,01-07-2019,July,2019,24160,Domestic
Jangaon ,01-08-2019,August,2019,27800,Domestic
Jangaon ,01-09-2019,September,2019,28640,Domestic
Jangaon ,01-10-2019,October,2019,27840,Domestic
Jangaon ,01-11-2019,November,2019,28410,Domestic
Jangaon ,01-12-2019,December,2019,28460,Domestic
Jayashankar Bhoopalpally,01-01-2019,January,2019,197430,Domestic
Jayashankar Bhoopalpally,01-02-2019,February,2019,33500,Domestic
Jayashankar Bhoopalpally,01-03-2019,March,2019,37500,Domestic
Jayashankar Bhoopalpally,01-04-2019,April,2019,38500,Domestic
Jayashankar Bhoopalpally,01-05-2019,May,2019,30800,Domestic
Jayashankar Bhoopalpally,01-06-2019,June,2019,40500,Domestic
Jayashankar Bhoopalpally,01-07-2019,July,2019,45500,Domestic
Jayashankar Bhoopalpally,01-08-2019,August,2019,45000,Domestic
Jayashankar Bhoopalpally,01-09-2019,September,2019,50500,Domestic
Jayashankar Bhoopalpally,01-10-2019,October,2019,46000,Domestic
Jayashankar Bhoopalpally,01-11-2019,November,2019,51500,Domestic
Jayashankar Bhoopalpally,01-12-2019,December,2019,45800,Domestic
Jogulamba Gadwal ,01-01-2019,January,2019,146441,Domestic
Jogulamba Gadwal ,01-02-2019,February,2019,481110,Domestic
Jogulamba Gadwal ,01-03-2019,March,2019,155013,Domestic
Jogulamba Gadwal ,01-04-2019,April,2019,82334,Domestic
Jogulamba Gadwal ,01-05-2019,May,2019,154609,Domestic
Jogulamba Gadwal ,01-06-2019,June,2019,155013,Domestic
Jogulamba Gadwal ,01-07-2019,July,2019,114951,Domestic
Jogulamba Gadwal ,01-08-2019,August,2019,123733,Domestic
Jogulamba Gadwal ,01-09-2019,September,2019,131485,Domestic
Jogulamba Gadwal ,01-10-2019,October,2019,152898,Domestic
Jogulamba Gadwal ,01-11-2019,November,2019,128075,Domestic
Jogulamba Gadwal ,01-12-2019,December,2019,182333,Domestic
Kamareddy ,01-01-2019,January,2019,42,Domestic
Kamareddy ,01-02-2019,February,2019,41,Domestic
Kamareddy ,01-03-2019,March,2019,45,Domestic
Kamareddy ,01-04-2019,April,2019,41,Domestic
Kamareddy ,01-05-2019,May,2019,46,Domestic
Kamareddy ,01-06-2019,June,2019,41,Domestic
Kamareddy ,01-07-2019,July,2019,50,Domestic
Kamareddy ,01-08-2019,August,2019,50,Domestic
Kamareddy ,01-09-2019,September,2019,41,Domestic
Kamareddy ,01-10-2019,October,2019,46,Domestic
Kamareddy ,01-11-2019,November,2019,46,Domestic
Kamareddy ,01-12-2019,December,2019,45,Domestic
Karimnagar ,01-01-2019,January,2019,10285,Domestic
Karimnagar ,01-02-2019,February,2019,6480,Domestic
Karimnagar ,01-03-2019,March,2019,6634,Domestic
Karimnagar ,01-04-2019,April,2019,5623,Domestic
Karimnagar ,01-05-2019,May,2019,3393,Domestic
Karimnagar ,01-06-2019,June,2019,3871,Domestic
Karimnagar ,01-07-2019,July,2019,5192,Domestic
Karimnagar ,01-08-2019,August,2019,5480,Domestic
Karimnagar ,01-09-2019,September,2019,8735,Domestic
Karimnagar ,01-10-2019,October,2019,6799,Domestic
Karimnagar ,01-11-2019,November,2019,7101,Domestic
Karimnagar ,01-12-2019,December,2019,7898,Domestic
Khammam,01-01-2019,January,2019,123550,Domestic
Khammam,01-02-2019,February,2019,98471,Domestic
Khammam,01-03-2019,March,2019,91340,Domestic
Khammam,01-04-2019,April,2019,135920,Domestic
Khammam,01-05-2019,May,2019,130971,Domestic
Khammam,01-06-2019,June,2019,127270,Domestic
Khammam,01-07-2019,July,2019,103260,Domestic
Khammam,01-08-2019,August,2019,111374,Domestic
Khammam,01-09-2019,September,2019,133754,Domestic
Khammam,01-10-2019,October,2019,128625,Domestic
Khammam,01-11-2019,November,2019,104380,Domestic
Khammam,01-12-2019,December,2019,124525,Domestic
Komaram Bheem Asifabad,01-01-2019,January,2019,2476,Domestic
Komaram Bheem Asifabad,01-02-2019,February,2019,1449,Domestic
Komaram Bheem Asifabad,01-03-2019,March,2019,1212,Domestic
Komaram Bheem Asifabad,01-04-2019,April,2019,663,Domestic
Komaram Bheem Asifabad,01-05-2019,May,2019,493,Domestic
Komaram Bheem Asifabad,01-06-2019,June,2019,506,Domestic
Komaram Bheem Asifabad,01-07-2019,July,2019,1287,Domestic
Komaram Bheem Asifabad,01-08-2019,August,2019,2572,Domestic
Komaram Bheem Asifabad,01-09-2019,September,2019,1629,Domestic
Komaram Bheem Asifabad,01-10-2019,October,2019,1943,Domestic
Komaram Bheem Asifabad,01-11-2019,November,2019,2176,Domestic
Komaram Bheem Asifabad,01-12-2019,December,2019,2783,Domestic
Mahabubabad ,01-01-2019,January,2019,13480,Domestic
Mahabubabad ,01-02-2019,February,2019,13545,Domestic
Mahabubabad ,01-03-2019,March,2019,13490,Domestic
Mahabubabad ,01-04-2019,April,2019,12980,Domestic
Mahabubabad ,01-05-2019,May,2019,11970,Domestic
Mahabubabad ,01-06-2019,June,2019,11460,Domestic
Mahabubabad ,01-07-2019,July,2019,13470,Domestic
Mahabubabad ,01-08-2019,August,2019,12190,Domestic
Mahabubabad ,01-09-2019,September,2019,13210,Domestic
Mahabubabad ,01-10-2019,October,2019,12260,Domestic
Mahabubabad ,01-11-2019,November,2019,12470,Domestic
Mahabubabad ,01-12-2019,December,2019,12360,Domestic
Mahbubnagar,01-01-2019,January,2019,168082,Domestic
Mahbubnagar,01-02-2019,February,2019,798949,Domestic
Mahbubnagar,01-03-2019,March,2019,173658,Domestic
Mahbubnagar,01-04-2019,April,2019,183268,Domestic
Mahbubnagar,01-05-2019,May,2019,175202,Domestic
Mahbubnagar,01-06-2019,June,2019,175853,Domestic
Mahbubnagar,01-07-2019,July,2019,100398,Domestic
Mahbubnagar,01-08-2019,August,2019,104787,Domestic
Mahbubnagar,01-09-2019,September,2019,141387,Domestic
Mahbubnagar,01-10-2019,October,2019,130227,Domestic
Mahbubnagar,01-11-2019,November,2019,234066,Domestic
Mahbubnagar,01-12-2019,December,2019,148938,Domestic
Mancherial,01-01-2019,January,2019,18420,Domestic
Mancherial,01-02-2019,February,2019,26325,Domestic
Mancherial,01-03-2019,March,2019,16253,Domestic
Mancherial,01-04-2019,April,2019,23026,Domestic
Mancherial,01-05-2019,May,2019,26616,Domestic
Mancherial,01-06-2019,June,2019,24593,Domestic
Mancherial,01-07-2019,July,2019,22303,Domestic
Mancherial,01-08-2019,August,2019,21191,Domestic
Mancherial,01-09-2019,September,2019,24079,Domestic
Mancherial,01-10-2019,October,2019,20867,Domestic
Mancherial,01-11-2019,November,2019,29302,Domestic
Mancherial,01-12-2019,December,2019,16835,Domestic
Medak ,01-01-2019,January,2019,400000,Domestic
Medak ,01-02-2019,February,2019,600000,Domestic
Medak ,01-03-2019,March,2019,1000000,Domestic
Medak ,01-04-2019,April,2019,650000,Domestic
Medak ,01-05-2019,May,2019,400000,Domestic
Medak ,01-06-2019,June,2019,300000,Domestic
Medak ,01-07-2019,July,2019,350000,Domestic
Medak ,01-08-2019,August,2019,349900,Domestic
Medak ,01-09-2019,September,2019,350400,Domestic
Medak ,01-10-2019,October,2019,350000,Domestic
Medak ,01-11-2019,November,2019,351560,Domestic
Medak ,01-12-2019,December,2019,350710,Domestic
Medchal ,01-01-2019,January,2019, ,Domestic
Medchal ,01-02-2019,February,2019, ,Domestic
Medchal ,01-03-2019,March,2019, ,Domestic
Medchal ,01-04-2019,April,2019, ,Domestic
Medchal ,01-05-2019,May,2019, ,Domestic
Medchal ,01-06-2019,June,2019, ,Domestic
Medchal ,01-07-2019,July,2019, ,Domestic
Medchal ,01-08-2019,August,2019, ,Domestic
Medchal ,01-09-2019,September,2019, ,Domestic
Medchal ,01-10-2019,October,2019, ,Domestic
Medchal ,01-11-2019,November,2019, ,Domestic
Medchal ,01-12-2019,December,2019, ,Domestic
Mulugu,01-01-2019,January,2019,0,Domestic
Mulugu,01-02-2019,February,2019,159640,Domestic
Mulugu,01-03-2019,March,2019,156610,Domestic
Mulugu,01-04-2019,April,2019,152570,Domestic
Mulugu,01-05-2019,May,2019,154550,Domestic
Mulugu,01-06-2019,June,2019,163480,Domestic
Mulugu,01-07-2019,July,2019,167700,Domestic
Mulugu,01-08-2019,August,2019,171050,Domestic
Mulugu,01-09-2019,September,2019,172900,Domestic
Mulugu,01-10-2019,October,2019,172500,Domestic
Mulugu,01-11-2019,November,2019,173700,Domestic
Mulugu,01-12-2019,December,2019,175100,Domestic
Nagarkurnool ,01-01-2019,January,2019,228812,Domestic
Nagarkurnool ,01-02-2019,February,2019,286258,Domestic
Nagarkurnool ,01-03-2019,March,2019,184508,Domestic
Nagarkurnool ,01-04-2019,April,2019,121460,Domestic
Nagarkurnool ,01-05-2019,May,2019,184372,Domestic
Nagarkurnool ,01-06-2019,June,2019,184508,Domestic
Nagarkurnool ,01-07-2019,July,2019,93450,Domestic
Nagarkurnool ,01-08-2019,August,2019,118010,Domestic
Nagarkurnool ,01-09-2019,September,2019,175712,Domestic
Nagarkurnool ,01-10-2019,October,2019,196160,Domestic
Nagarkurnool ,01-11-2019,November,2019,121425,Domestic
Nagarkurnool ,01-12-2019,December,2019,198637,Domestic
Nalgonda,01-01-2019,January,2019,21284,Domestic
Nalgonda,01-02-2019,February,2019,13697,Domestic
Nalgonda,01-03-2019,March,2019,8467,Domestic
Nalgonda,01-04-2019,April,2019,7202,Domestic
Nalgonda,01-05-2019,May,2019,26338,Domestic
Nalgonda,01-06-2019,June,2019,5558,Domestic
Nalgonda,01-07-2019,July,2019,19783,Domestic
Nalgonda,01-08-2019,August,2019,7473,Domestic
Nalgonda,01-09-2019,September,2019,5230,Domestic
Nalgonda,01-10-2019,October,2019,5290,Domestic
Nalgonda,01-11-2019,November,2019,7177,Domestic
Nalgonda,01-12-2019,December,2019,13419,Domestic
Narayanapet,01-07-2019,July,2019,68842,Domestic
Narayanapet,01-08-2019,August,2019,72249,Domestic
Narayanapet,01-09-2019,September,2019,62841,Domestic
Narayanapet,01-10-2019,October,2019,58213,Domestic
Narayanapet,01-11-2019,November,2019,62750,Domestic
Narayanapet,01-12-2019,December,2019,64355,Domestic
Nirmal,01-01-2019,January,2019,313675,Domestic
Nirmal,01-02-2019,February,2019,443898,Domestic
Nirmal,01-03-2019,March,2019,424964,Domestic
Nirmal,01-04-2019,April,2019,327971,Domestic
Nirmal,01-05-2019,May,2019,149705,Domestic
Nirmal,01-06-2019,June,2019,349747,Domestic
Nirmal,01-07-2019,July,2019,359495,Domestic
Nirmal,01-08-2019,August,2019,334646,Domestic
Nirmal,01-09-2019,September,2019,299827,Domestic
Nirmal,01-10-2019,October,2019,263412,Domestic
Nirmal,01-11-2019,November,2019,253388,Domestic
Nirmal,01-12-2019,December,2019,296050,Domestic
Nizamabad,01-01-2019,January,2019,878,Domestic
Nizamabad,01-02-2019,February,2019,915,Domestic
Nizamabad,01-03-2019,March,2019,938,Domestic
Nizamabad,01-04-2019,April,2019,958,Domestic
Nizamabad,01-05-2019,May,2019,1193,Domestic
Nizamabad,01-06-2019,June,2019,686,Domestic
Nizamabad,01-07-2019,July,2019,990,Domestic
Nizamabad,01-08-2019,August,2019,1004,Domestic
Nizamabad,01-09-2019,September,2019,6572,Domestic
Nizamabad,01-10-2019,October,2019,8849,Domestic
Nizamabad,01-11-2019,November,2019,11950,Domestic
Nizamabad,01-12-2019,December,2019,11400,Domestic
Peddapalli,01-01-2019,January,2019,1055,Domestic
Peddapalli,01-02-2019,February,2019,1157,Domestic
Peddapalli,01-03-2019,March,2019,895,Domestic
Peddapalli,01-04-2019,April,2019,942,Domestic
Peddapalli,01-05-2019,May,2019,802,Domestic
Peddapalli,01-06-2019,June,2019,735,Domestic
Peddapalli,01-07-2019,July,2019,1085,Domestic
Peddapalli,01-08-2019,August,2019,1505,Domestic
Peddapalli,01-09-2019,September,2019,1785,Domestic
Peddapalli,01-10-2019,October,2019,2080,Domestic
Peddapalli,01-11-2019,November,2019,2225,Domestic
Peddapalli,01-12-2019,December,2019,2315,Domestic
Rajanna Sircilla ,01-01-2019,January,2019,6188298,Domestic
Rajanna Sircilla ,01-02-2019,February,2019,1015550,Domestic
Rajanna Sircilla ,01-03-2019,March,2019,1444971,Domestic
Rajanna Sircilla ,01-04-2019,April,2019,1148062,Domestic
Rajanna Sircilla ,01-05-2019,May,2019,1018131,Domestic
Rajanna Sircilla ,01-06-2019,June,2019,1128849,Domestic
Rajanna Sircilla ,01-07-2019,July,2019,422961,Domestic
Rajanna Sircilla ,01-08-2019,August,2019,586118,Domestic
Rajanna Sircilla ,01-09-2019,September,2019,501293,Domestic
Rajanna Sircilla ,01-10-2019,October,2019,646492,Domestic
Rajanna Sircilla ,01-11-2019,November,2019,1259371,Domestic
Rajanna Sircilla ,01-12-2019,December,2019,1472801,Domestic
Ranga Reddy,01-01-2019,January,2019, ,Domestic
Ranga Reddy,01-02-2019,February,2019, ,Domestic
Ranga Reddy,01-03-2019,March,2019, ,Domestic
Ranga Reddy,01-04-2019,April,2019, ,Domestic
Ranga Reddy,01-05-2019,May,2019, ,Domestic
Ranga Reddy,01-06-2019,June,2019, ,Domestic
Ranga Reddy,01-07-2019,July,2019, ,Domestic
Ranga Reddy,01-08-2019,August,2019, ,Domestic
Ranga Reddy,01-09-2019,September,2019, ,Domestic
Ranga Reddy,01-10-2019,October,2019, ,Domestic
Ranga Reddy,01-11-2019,November,2019, ,Domestic
Ranga Reddy,01-12-2019,December,2019, ,Domestic
Sangareddy ,01-01-2019,January,2019,144000,Domestic
Sangareddy ,01-02-2019,February,2019,148000,Domestic
Sangareddy ,01-03-2019,March,2019,747000,Domestic
Sangareddy ,01-04-2019,April,2019,205000,Domestic
Sangareddy ,01-05-2019,May,2019,133000,Domestic
Sangareddy ,01-06-2019,June,2019,347000,Domestic
Sangareddy ,01-07-2019,July,2019,467000,Domestic
Sangareddy ,01-08-2019,August,2019,466150,Domestic
Sangareddy ,01-09-2019,September,2019,468350,Domestic
Sangareddy ,01-10-2019,October,2019,467470,Domestic
Sangareddy ,01-11-2019,November,2019,481720,Domestic
Sangareddy ,01-12-2019,December,2019,478470,Domestic
Siddipet,01-01-2019,January,2019,140793,Domestic
Siddipet,01-02-2019,February,2019,199549,Domestic
Siddipet,01-03-2019,March,2019,204600,Domestic
Siddipet,01-04-2019,April,2019,184412,Domestic
Siddipet,01-05-2019,May,2019,110500,Domestic
Siddipet,01-06-2019,June,2019,1037000,Domestic
Siddipet,01-07-2019,July,2019,179320,Domestic
Siddipet,01-08-2019,August,2019,190750,Domestic
Siddipet,01-09-2019,September,2019,122550,Domestic
Siddipet,01-10-2019,October,2019,191330,Domestic
Siddipet,01-11-2019,November,2019,209130,Domestic
Siddipet,01-12-2019,December,2019,217930,Domestic
Vikarabad,01-01-2019,January,2019, ,Domestic
Vikarabad,01-02-2019,February,2019, ,Domestic
Vikarabad,01-03-2019,March,2019, ,Domestic
Vikarabad,01-04-2019,April,2019, ,Domestic
Vikarabad,01-05-2019,May,2019, ,Domestic
Vikarabad,01-06-2019,June,2019, ,Domestic
Vikarabad,01-07-2019,July,2019, ,Domestic
Vikarabad,01-08-2019,August,2019, ,Domestic
Vikarabad,01-09-2019,September,2019, ,Domestic
Vikarabad,01-10-2019,October,2019, ,Domestic
Vikarabad,01-11-2019,November,2019, ,Domestic
Vikarabad,01-12-2019,December,2019, ,Domestic
Wanaparthy ,01-01-2019,January,2019,28131,Domestic
Wanaparthy ,01-02-2019,February,2019,22342,Domestic
Wanaparthy ,01-03-2019,March,2019,20050,Domestic
Wanaparthy ,01-04-2019,April,2019,23749,Domestic
Wanaparthy ,01-05-2019,May,2019,20010,Domestic
Wanaparthy ,01-06-2019,June,2019,20050,Domestic
Wanaparthy ,01-07-2019,July,2019,32625,Domestic
Wanaparthy ,01-08-2019,August,2019,35860,Domestic
Wanaparthy ,01-09-2019,September,2019,21375,Domestic
Wanaparthy ,01-10-2019,October,2019,21234,Domestic
Wanaparthy ,01-11-2019,November,2019,32657,Domestic
Wanaparthy ,01-12-2019,December,2019,20556,Domestic
Warangal (Rural),01-01-2019,January,2019,28700,Domestic
Warangal (Rural),01-02-2019,February,2019,28800,Domestic
Warangal (Rural),01-03-2019,March,2019,29000,Domestic
Warangal (Rural),01-04-2019,April,2019,26900,Domestic
Warangal (Rural),01-05-2019,May,2019,24900,Domestic
Warangal (Rural),01-06-2019,June,2019,27100,Domestic
Warangal (Rural),01-07-2019,July,2019,28600,Domestic
Warangal (Rural),01-08-2019,August,2019,31600,Domestic
Warangal (Rural),01-09-2019,September,2019,32600,Domestic
Warangal (Rural),01-10-2019,October,2019,31100,Domestic
Warangal (Rural),01-11-2019,November,2019,32150,Domestic
Warangal (Rural),01-12-2019,December,2019,32050,Domestic
Warangal (Urban),01-01-2019,January,2019,151545,Domestic
Warangal (Urban),01-02-2019,February,2019,157755,Domestic
Warangal (Urban),01-03-2019,March,2019,154305,Domestic
Warangal (Urban),01-04-2019,April,2019,150425,Domestic
Warangal (Urban),01-05-2019,May,2019,143230,Domestic
Warangal (Urban),01-06-2019,June,2019,144400,Domestic
Warangal (Urban),01-07-2019,July,2019,145440,Domestic
Warangal (Urban),01-08-2019,August,2019,148030,Domestic
Warangal (Urban),01-09-2019,September,2019,151070,Domestic
Warangal (Urban),01-10-2019,October,2019,147450,Domestic
Warangal (Urban),01-11-2019,November,2019,153880,Domestic
Warangal (Urban),01-12-2019,December,2019,147700,Domestic
Yadadri Bhongir,01-01-2019,January,2019,479293,Domestic
Yadadri Bhongir,01-02-2019,February,2019,56525,Domestic
Yadadri Bhongir,01-03-2019,March,2019,481923,Domestic
Yadadri Bhongir,01-04-2019,April,2019,441150,Domestic
Yadadri Bhongir,01-05-2019,May,2019,345790,Domestic
Yadadri Bhongir,01-06-2019,June,2019,370566,Domestic
Yadadri Bhongir,01-07-2019,July,2019,332770,Domestic
Yadadri Bhongir,01-08-2019,August,2019,389010,Domestic
Yadadri Bhongir,01-09-2019,September,2019,366862,Domestic
Yadadri Bhongir,01-10-2019,October,2019,381860,Domestic
Yadadri Bhongir,01-11-2019,November,2019,365990,Domestic
Yadadri Bhongir,01-12-2019,December,2019,477635,Domestic
